,radius,diameter,densities,number_of_edges,average_clustering,avg_degree_centrality,avg_betweenness_centrality,avg_closeness_centrality,average_shortest_path_length
Means,2.0,2.0,0.6900096618357487,714.16,0.7382518063630182,0.6900096618357491,0.007045234958278437,0.7705505766570309,1.309990338164251
STDs,0.0,0.0,0.019697033874893133,20.386430060514392,0.02028619059565006,0.01969703387489309,0.0004476598607930256,0.012121465314622848,0.019697033874893122
Means,2.0,2.0,0.713131313131313,706.0,0.7406733009386134,0.713131313131313,0.006671364810899696,0.782040754474699,1.2868686868686872
STDs,0.0,0.0,0.02136909261002398,21.155401683923735,0.023044567683773744,0.021369092610023965,0.0004969556420935807,0.013736188774348106,0.02136909261002398
