,radius,diameter,densities,number_of_edges,average_clustering,avg_degree_centrality,avg_betweenness_centrality,avg_closeness_centrality,average_shortest_path_length
Means,2.0,2.86,0.6803715415019763,701.62,0.7947538653079976,0.6803715415019762,0.007312957686061832,0.7732832734018519,1.3212340799297322
STDs,0.0,0.3505098327538656,0.027759252783343662,27.002562236701518,0.02096749659177083,0.027759252783343683,0.0006187974889187973,0.01655700323699438,0.027822002399201268
Means,2.0,2.08,0.5386868686868688,533.3,0.5842956092011634,0.5386868686868688,0.010731031242659152,0.6886879257144907,1.4614343434343438
STDs,0.0,0.27404751561786966,0.016046863792916588,15.886395154987433,0.018784295702667517,0.01604686379291659,0.0003765905899704929,0.00786943718842143,0.016193395368731194
