,radius,diameter,densities,number_of_edges,average_clustering,avg_degree_centrality,avg_betweenness_centrality,avg_closeness_centrality,average_shortest_path_length
Means,2.0,2.0,0.71656038647343,741.64,0.7593267993165002,0.71656038647343,0.006441809398331139,0.7861344922252901,1.28343961352657
STDs,0.0,0.0,0.026276336338584734,27.196008110435198,0.025797786143504645,0.02627633633858465,0.0005971894622405618,0.016395819294659924,0.026276336338584727
Means,1.98,2.0,0.7925410628019323,820.28,0.8167973550057068,0.7925410628019322,0.004714975845410628,0.8343940963798023,1.2074589371980677
STDs,0.1414213562373095,0.0,0.03942288017811082,40.8026809843447,0.03241190037274074,0.03942288017811076,0.0008959745495025185,0.026226271792620867,0.03942288017811081
Means,2.0,2.0,0.6862424242424242,679.38,0.7246705531319968,0.6862424242424242,0.007296687808315715,0.767981754976582,1.3137575757575757
STDs,0.0,0.0,0.029403887124128524,29.109848252887243,0.016484153742983877,0.02940388712412853,0.000683811328468105,0.015902158225375794,0.029403887124128513
