,radius,diameter,densities,number_of_edges,average_clustering,avg_degree_centrality,avg_betweenness_centrality,avg_closeness_centrality,average_shortest_path_length
Means,2.0,2.0,0.7191919191919192,712.0,0.7731321527943908,0.7191919191919192,0.006530420483908856,0.7896463857607308,1.2808080808080808
STDs,0.0,0.0,0.0,0.0,0.0,0.0,0.0,0.0,0.0
Means,2.0,2.0,0.5545893719806764,574.0,0.6285642379198024,0.5545893719806763,0.010122968818620992,0.6977476949257057,1.4454106280193237
STDs,0.0,0.0,0.0,0.0,0.0,0.0,0.0,0.0,0.0
Means,2.0,3.0,0.4161616161616162,412.0,0.5181493655866646,0.41616161616161607,0.013671599718111348,0.634959319464952,1.587878787878788
STDs,0.0,0.0,0.0,0.0,0.0,0.0,0.0,0.0,0.0
