,radius,diameter,densities,number_of_edges,average_clustering,avg_degree_centrality,avg_betweenness_centrality,avg_closeness_centrality,average_shortest_path_length
Means,2.0,2.0,0.6919162640901769,716.1333333333333,0.7380374513515355,0.6919162640901775,0.007001903088859608,0.7710553878704697,1.308083735909823
STDs,0.0,0.0,0.010132541432637058,10.48718038277937,0.009302721767373671,0.010132541432637076,0.00023028503255993388,0.005859374405883531,0.010132541432637072
Means,2.0,2.0,0.7849919484702094,812.4666666666667,0.8059746663865203,0.7849919484702093,0.00488654662567706,0.8281573279471739,1.2150080515297905
STDs,0.0,0.0,0.007201301413625062,7.453346963101942,0.006146240311219874,0.007201301413625047,0.0001636659412187514,0.00477087366896486,0.007201301413625036
Means,2.0,2.0,0.7189898989898992,711.8,0.739521295965675,0.7189898989898992,0.006535118628141884,0.7853370939395898,1.281010101010101
STDs,0.0,0.0,0.008774350603000747,8.686607096970762,0.008240599225089514,0.008774350603000752,0.00020405466518606463,0.005342679049175864,0.008774350603000778
