,radius,diameter,densities,number_of_edges,average_clustering,avg_degree_centrality,avg_betweenness_centrality,avg_closeness_centrality,average_shortest_path_length
Means,2.0,2.05,0.6447979797979798,638.35,0.7092567755304021,0.6447979797979798,0.008261686633779658,0.7467707936958556,1.3552525252525254
STDs,0.0,0.22360679774997894,0.02434691948289924,24.10345028807025,0.03314661945294163,0.02434691948289922,0.000565736614924348,0.014866437860652754,0.02432667444174697
Means,2.0,2.0,0.6618357487922706,685.0,0.6988737334481147,0.6618357487922708,0.007685551163812032,0.7527037439448454,1.3381642512077296
STDs,0.0,0.0,0.014060858434291229,14.552988479491438,0.014547508284958986,0.014060858434291237,0.00031956496441571004,0.00786957686371939,0.01406085843429125
Means,2.0,2.05,0.5192424242424243,514.05,0.5907922320953587,0.5192424242424243,0.01118158327460653,0.6818206725769562,1.4808080808080808
STDs,0.0,0.22360679774997894,0.007976971080510965,7.897201369705867,0.01319336892849147,0.007976971080510953,0.00018449447082942737,0.0038338905521279527,0.007933262245665408
