,radius,diameter,densities,number_of_edges,average_clustering,avg_degree_centrality,avg_betweenness_centrality,avg_closeness_centrality,average_shortest_path_length
Means,2.0,2.0,0.702415458937198,727.0,0.7420705459978014,0.702415458937198,0.006763285024154591,0.7769056666524387,1.297584541062802
STDs,0.0,0.0,0.016075915761632996,16.638572813290146,0.017576184080132257,0.01607591576163297,0.0003653617218552955,0.010196222233746336,0.016075915761632982
Means,1.8,2.0,0.82487922705314,853.75,0.8383103319124305,0.82487922705314,0.003980017566974089,0.8554265612933609,1.1751207729468598
STDs,0.41039134083406165,0.0,0.009465978248424392,9.797287487119236,0.007101572184168561,0.009465978248424347,0.00021513586928237238,0.006483831301863361,0.00946597824842438
Means,2.0,2.0,0.7651010101010102,757.45,0.7815431284791927,0.7651010101010101,0.005462767206953253,0.814689669834207,1.23489898989899
STDs,0.0,0.0,0.00930675877330893,9.213691185575838,0.008294126900301332,0.009306758773308948,0.00021643625054206818,0.005818726659512172,0.009306758773308917
